activity name,activity code,division,group,class,isic description,activity description,jurisdiction,status
3D Printing Products Production,100004.0,32,329,3290,Other manufacturing n.e.c.,,ANVC,
Accounting & Bookkeeping,100010.0,69,692,6920,"Accounting, bookkeeping and auditing activities; tax consultancy",,ANVC,
"Accounting, Bookkeeping And Tax Consultancy",100010.0,69,692,6920,"Accounting, bookkeeping and auditing activities; tax consultancy",,ANVC,
Acids & Alkalines Trading,100013.0,46,466,4669,Wholesale of waste and scrap and other products n.e.c.,,ANVC,
Activities of head offices,100040.0,70,701,7010,Activities of head offices,,ANVC,
Activities of holding companies,100041.0,64,642,6420,Activities of holding companies,,ANVC,
Adhesives Trading,100087.0,46,466,4669,Wholesale of waste and scrap and other products n.e.c.,,ANVC,
Advertisement Designing & Producing,100096.0,73,731,7310,Advertising,,ANVC,
Advertising,100096.0,73,731,7310,Advertising,,ANVC,
Advertising Agency,100096.0,73,731,7310,Advertising,,ANVC,
Advertising Requisites Trading,100099.0,46,465,4659,Wholesale of other machinery and equipment,,ANVC,
Advertising Researches & Consultancies,100100.0,73,731,7310,Advertising,,ANVC,
Advertising Services Via Websites,100101.0,73,731,7310,Advertising,,ANVC,
Agarwood & Incense Trading,100110.0,46,464,4649,Wholesale of other household goods,,ANVC,
Agricultural Crops Selling,100116.0,46,462,4620,Wholesale of agricultural raw materials and live animals,,ANVC,
Agricultural Equipment & Accessories Trading,100118.0,46,465,4653,"Wholesale of agricultural machinery, equipment and supplies",,ANVC,
Agricultural Equipment & Machinery Spare Parts Trading,100120.0,46,465,4653,"Wholesale of agricultural machinery, equipment and supplies",,ANVC,
Agricultural Pesticides Trading,100125.0,47,477,4773,Other retail sale of new goods in specialized stores,,ANVC,
Agricultural Research & Consultancy,100127.0,74,749,7490,"Other professional, scientific and technical activities n.e.c.",,ANVC,
Agricultural Tools Trading,100128.0,47,475,4752,"Retail sale of hardware, paints and glass in specialized stores",,ANVC,
Agricultural Tractors & Machinery Trading,100129.0,47,477,4773,Other retail sale of new goods in specialized stores,,ANVC,
AI Data Analysis,100133.0,62,620,6201,Computer programming activities,,ANVC,
AI Data Collection,100134.0,62,620,6201,Computer programming activities,,ANVC,
AI Data Visualization,100135.0,62,620,6201,Computer programming activities,,ANVC,
Air Cargo Agent,100138.0,52,522,5229,Other transportation support activities,,ANVC,
Air Cargo Services,100139.0,52,522,5224,Cargo handling,,ANVC,
Air-Condition Trading,100141.0,46,465,4659,Wholesale of other machinery and equipment,,ANVC,
"Air-Condition, Refrigeration Spare Parts & Components Trading",100144.0,46,465,4659,Wholesale of other machinery and equipment,,ANVC,
Aircraft Spare Parts & Components Trading,100167.0,47,477,4773,Other retail sale of new goods in specialized stores,,ANVC,
Airline Inflight Products Trading,100173.0,46,465,4659,Wholesale of other machinery and equipment,,ANVC,
Airport Equipment Trading,100178.0,46,465,4659,Wholesale of other machinery and equipment,,ANVC,
Animal & Birds Feed Trading,100206.0,46,462,4620,Wholesale of agricultural raw materials and live animals,,ANVC,
Animal & Poultry Farms Equipment Trading,100207.0,46,465,4659,Wholesale of other machinery and equipment,,ANVC,
Animal Fodder Supplements Trading,100212.0,46,466,4669,Wholesale of waste and scrap and other products n.e.c.,,ANVC,
Animals & Birds Requisites Trading,100217.0,47,477,4773,Other retail sale of new goods in specialized stores,,ANVC,
Antennas Trading,100224.0,46,465,4652,Wholesale of electronic and telecommunications equipment and parts,,ANVC,
Aquarium & Display Cases Trading,100235.0,47,477,4773,Other retail sale of new goods in specialized stores,,ANVC,
Aquariums & Display Cases Trading,100235.0,47,477,4773,Other retail sale of new goods in specialized stores,,ANVC,
Arab Wear Trading,100239.0,47,477,4771,"Retail sale of clothing, footwear and leather articles in specialized stores",,ANVC,
Architectural Engineering Consultancy,100252.0,71,711,7110,Architectural and engineering activities and related technical consultancy,,ANVC,
Architectural Prospective Drawings Services,100254.0,71,711,7110,Architectural and engineering activities and related technical consultancy,,ANVC,
Art Consulting,100258.0,90,900,9000,"Creative, arts and entertainment activities",,ANVC,
Art Production,100262.0,90,900,9000,"Creative, arts and entertainment activities",,ANVC,
Artificial Flowers & Plants Trading,100265.0,46,464,4649,Wholesale of other household goods,,ANVC,
Artificial Intelligence Developing Services,100266.0,72,722,7220,Research and experimental development on social sciences and humanities,,ANVC,
Artistic Production Contracting Services,100272.0,59,591,5913,"Motion picture, video and television programme distribution activities",,ANVC,
Artistic Talent Contracting,100273.0,90,900,9000,"Creative, arts and entertainment activities",,ANVC,
"Astronomy, Earthquakes & Meteorology Monitoring Equipment Trading",100290.0,46,464,4649,Wholesale of other household goods,,ANVC,
Audio Recorded Media Distribution,100297.0,59,592,5920,Sound recording and music publishing activities,,ANVC,
Audio Recorded Media Trading,100299.0,46,465,4652,Wholesale of electronic and telecommunications equipment and parts,,ANVC,
"Audio-Visual, Recording Equipment & Accessories Trading",100302.0,46,465,4652,Wholesale of electronic and telecommunications equipment and parts,,ANVC,
"Auditing, Reviewing &Testing Cyber Risks",100306.0,62,620,6202,Computer consultancy and computer facilities management activities,,ANVC,
"Authentic Antiques, Artefacts & Artworks Trading",100308.0,46,464,4649,Wholesale of other household goods,,ANVC,
Auto Accessories Trading,100312.0,45,453,4530,Sale of motor vehicle parts and accessories,,ANVC,
Auto Spare Parts & Components Trading - Import & Export,100324.0,45,453,4530,Sale of motor vehicle parts and accessories,,ANVC,
Auto Washing Equipment Trading,100328.0,46,465,4659,Wholesale of other machinery and equipment,,ANVC,
Automatic Gates & Barriers Trading,100330.0,46,465,4659,Wholesale of other machinery and equipment,,ANVC,
Aviation Consultancy,100340.0,52,522,5229,Other transportation support activities,,ANVC,
Baby Care Requisites Trading,100351.0,46,464,4649,Wholesale of other household goods,,ANVC,
Baby Food Trading,100353.0,46,463,4630,"Wholesale of food, beverages and tobacco",,ANVC,
Baby Wear Trading,100355.0,46,464,4641,"Wholesale of textiles, clothing and footwear",,ANVC,
Bakeries & Flour Mills Equipment Trading,100362.0,46,465,4659,Wholesale of other machinery and equipment,,ANVC,
Balloons Trading,100367.0,47,477,4773,Other retail sale of new goods in specialized stores,,ANVC,
"Bamboo, Cane & Wicker Products Trading",100369.0,47,475,4759,"Retail sale of electrical household appliances, furniture, lighting equipment and other household articles in specialized stores",,ANVC,
Banking Consultant,100374.0,66,661,6619,Other activities auxiliary to financial service activities,,ANVC,
Basic Industrial Chemicals Trading,100380.0,46,466,4669,Wholesale of waste and scrap and other products n.e.c.,,ANVC,
Basic Non Ferrous Metal Products Trading,100381.0,46,466,4662,Wholesale of metals and metal ores,,ANVC,
Basic Steel Products Trading,100383.0,46,466,4662,Wholesale of metals and metal ores,,ANVC,
Beauty & Personal Care Equipment Trading,100393.0,46,465,4659,Wholesale of other machinery and equipment,,ANVC,
Beauty & Personal Care Requisites Trading,100395.0,46,464,4649,Wholesale of other household goods,,ANVC,
Bicycles & Spare Parts Trading,100403.0,46,464,4649,Wholesale of other household goods,,ANVC,
Billboards Advertising,100408.0,73,731,7310,Advertising,,ANVC,
Billing Services Provider,100411.0,69,692,6920,"Accounting, bookkeeping and auditing activities; tax consultancy",,ANVC,
Biodegradable & Compostable Products Trading,100413.0,47,477,4773,Other retail sale of new goods in specialized stores,,ANVC,
Blank Cassette Trading,100419.0,46,465,4652,Wholesale of electronic and telecommunications equipment and parts,,ANVC,
"Blankets, Towels & Linens Trading",100420.0,46,464,4641,"Wholesale of textiles, clothing and footwear",,ANVC,
"Bolts, Nuts, Screws & Nails Trading",100443.0,46,466,4663,"Wholesale of construction materials, hardware, plumbing and heating equipment and supplies",,ANVC,
Branding Services,100472.0,73,732,7320,Market research and public opinion polling,,ANVC,
Bread & Bakery Products Trading,100473.0,46,463,4630,"Wholesale of food, beverages and tobacco",,ANVC,
Bricks Making Equipment Trading,100476.0,46,465,4659,Wholesale of other machinery and equipment,,ANVC,
Bricks Trading,100478.0,46,466,4663,"Wholesale of construction materials, hardware, plumbing and heating equipment and supplies",,ANVC,
Building & Construction Materials Trading,100488.0,46,466,4663,"Wholesale of construction materials, hardware, plumbing and heating equipment and supplies",,ANVC,
Building & Construction Materials Trading Import & Export,100488.0,46,466,4663,"Wholesale of construction materials, hardware, plumbing and heating equipment and supplies",,ANVC,
Building & Construction Materials Wholesale Trading,100488.0,46,466,4663,"Wholesale of construction materials, hardware, plumbing and heating equipment and supplies",,ANVC,
Building Cleaning Equipment Trading,100489.0,46,465,4659,Wholesale of other machinery and equipment,,ANVC,
Building Hardware & Tools Trading,100496.0,47,475,4752,"Retail sale of hardware, paints and glass in specialized stores",,ANVC,
Building Maquette & Model Making Technical Services,100498.0,71,711,7110,Architectural and engineering activities and related technical consultancy,,ANVC,
Building Maquettes & Models Requisites Trading,100499.0,47,475,4752,"Retail sale of hardware, paints and glass in specialized stores",,ANVC,
Building Metal Products Trading,100502.0,47,475,4752,"Retail sale of hardware, paints and glass in specialized stores",,ANVC,
Buses & Trucks Trading For Export (Outside UAE),100514.0,45,451,4510,Sale of motor vehicles,,ANVC,
Business Incubator,100525.0,70,702,7020,Management consultancy activities,,ANVC,
Businessmen Administrative Services,100531.0,82,829,8299,Other business support service activities n.e.c.,,ANVC,
Calculators & Spare Parts Trading,100543.0,47,474,4741,"Retail sale of computers, peripheral units, software and telecommunications equipment in specialized stores",,ANVC,
Calligraphers & Painters,100547.0,74,741,7410,Specialized design activities,,ANVC,
Camping Requisites Trading,100550.0,47,476,4763,Retail sale of sporting equipment in specialized stores,,ANVC,
Canned & Preserved Food Trading,100553.0,46,463,4630,"Wholesale of food, beverages and tobacco",,ANVC,
Caps & Lids Trading,100555.0,46,469,4690,Non-specialized wholesale trade,,ANVC,
Car Parking Systems & Equipment Trading,100559.0,47,477,4773,Other retail sale of new goods in specialized stores,,ANVC,
Carbon Control Systems Trading,100566.0,46,465,4659,Wholesale of other machinery and equipment,,ANVC,
Cargo Containers Rental,100575.0,77,773,7730,"Renting and leasing of other machinery, equipment and tangible goods",,ANVC,
Cargo Containers Trading,100576.0,46,465,4659,Wholesale of other machinery and equipment,,ANVC,
Cargo Freight Consultancy,100577.0,70,702,7020,Management consultancy activities,,ANVC,
Cargo Handling,100578.0,52,522,5224,Cargo handling,,ANVC,
Cars Tyres and Outfit Trading - Import & Export,100600.0,45,453,4530,Sale of motor vehicle parts and accessories,,ANVC,
Cement & Gypsum Trading,100624.0,46,466,4663,"Wholesale of construction materials, hardware, plumbing and heating equipment and supplies",,ANVC,
Cement Products Trading,100626.0,46,466,4663,"Wholesale of construction materials, hardware, plumbing and heating equipment and supplies",,ANVC,
Central Ventilators & Air Filters Trading,100633.0,47,477,4773,Other retail sale of new goods in specialized stores,,ANVC,
Ceramic & Chinaware Trading,100635.0,46,464,4649,Wholesale of other household goods,,ANVC,
Chandeliers Trading,100645.0,46,464,4649,Wholesale of other household goods,,ANVC,
Charcoal & Firewood Trading,100646.0,46,466,4661,"Wholesale of solid, liquid and gaseous fuels and related products",,ANVC,
Chemical Fertilizers Trading,100656.0,46,466,4669,Wholesale of waste and scrap and other products n.e.c.,,ANVC,
Children Games & Baby Care Requisites Rental,100673.0,77,772,7721,Renting and leasing of recreational and sports goods,,ANVC,
Choreography,100685.0,90,900,9000,"Creative, arts and entertainment activities",,ANVC,
City Cleaning Equipment Trading,100692.0,46,465,4659,Wholesale of other machinery and equipment,,ANVC,
Cleanroom Systems Trading,100711.0,47,477,4773,Other retail sale of new goods in specialized stores,,ANVC,
Cloth Hangers Trading,100716.0,47,475,4759,"Retail sale of electrical household appliances, furniture, lighting equipment and other household articles in specialized stores",,ANVC,
Cloud Service & Datacenters Providers,100724.0,63,631,6311,"Data processing, hosting and related activities",,ANVC,
Coffee Trading,100735.0,46,463,4630,"Wholesale of food, beverages and tobacco",,ANVC,
Collateral Management Services,100741.0,66,661,6619,Other activities auxiliary to financial service activities,,ANVC,
Combined Office Administrative Service Activities,100761.0,82,821,8211,Combined office administrative service activities,,ANVC,
Commercial Brokers,100766.0,46,461,4610,Wholesale on a fee or contract basis,,ANVC,
Commercial Information Services,100770.0,70,702,7020,Management consultancy activities,,ANVC,
Commercial Photographs Production,100771.0,74,742,7420,Photographic activities,,ANVC,
Commercial Publications Editing,100772.0,58,581,5811,Book publishing,,ANVC,
Companies Representation,100780.0,70,701,7010,Activities of head offices,,ANVC,
Computer & Data Processing Requisites Trading,100790.0,47,474,4741,"Retail sale of computers, peripheral units, software and telecommunications equipment in specialized stores",,ANVC,
Computer Consultancy And Computer Facilities Management Activities,100792.0,62,620,6202,Computer consultancy and computer facilities management activities,,ANVC,
Computer Electric Accessories Trading,100794.0,47,474,4741,"Retail sale of computers, peripheral units, software and telecommunications equipment in specialized stores",,ANVC,
Computer Equipment Requisites Trading,100796.0,47,474,4741,"Retail sale of computers, peripheral units, software and telecommunications equipment in specialized stores",,ANVC,
Computer Graphic Design Services,100797.0,62,620,6201,Computer programming activities,,ANVC,
Computer Programming Activities,100801.0,62,620,6201,Computer programming activities,,ANVC,
Computer System Housing Services,100807.0,63,631,6311,"Data processing, hosting and related activities",,ANVC,
Computer Systems & Communication Equipment Software Design,100808.0,62,620,6201,Computer programming activities,,ANVC,
Computer Systems & Communication Equipment Software Trading,100809.0,47,474,4741,"Retail sale of computers, peripheral units, software and telecommunications equipment in specialized stores",,ANVC,
Computer Systems and Software Designing,100810.0,62,620,6201,Computer programming activities,,ANVC,
Computer Systems Consultancies,100811.0,62,620,6202,Computer consultancy and computer facilities management activities,,ANVC,
Computers & Peripheral Equipment Trading,100815.0,46,465,4651,"Wholesale of computers, computer peripheral equipment and software",,ANVC,
Concept & Design Consultancy,100816.0,62,620,6202,Computer consultancy and computer facilities management activities,,ANVC,
Concierge Services,100818.0,81,811,8110,Combined facilities support activities,,ANVC,
Confectionery & Chocolate Trading,100825.0,46,463,4630,"Wholesale of food, beverages and tobacco",,ANVC,
Conferences & Seminars Organizing,100827.0,82,823,8230,Organization of conventions and trade shows,,ANVC,
Conferences and Symposiums Organization and Management,100828.0,82,823,8230,Organization of conventions and trade shows,,ANVC,
Construction Chemicals Trading,100835.0,46,466,4669,Wholesale of waste and scrap and other products n.e.c.,,ANVC,
Construction Equipment & Machinery Rental,100838.0,77,773,7730,"Renting and leasing of other machinery, equipment and tangible goods",,ANVC,
Construction Equipment & Machinery Spare Parts Trading,100839.0,47,477,4773,Other retail sale of new goods in specialized stores,,ANVC,
Construction Equipment & Machinery Trading,100840.0,47,477,4773,Other retail sale of new goods in specialized stores,,ANVC,
Consultancy and Studies and Researches in Renewable Energy,100856.0,72,721,7210,Research and experimental development on natural sciences and engineering,,ANVC,
Consulting and research and development in the field of technology education,100863.0,72,721,7210,Research and experimental development on natural sciences and engineering,,ANVC,
Cookers & Cook Stoves Trading,100888.0,47,475,4759,"Retail sale of electrical household appliances, furniture, lighting equipment and other household articles in specialized stores",,ANVC,
Cooking Consultant,100890.0,70,702,7020,Management consultancy activities,,ANVC,
Corporate Services Provider (CSP),100781.0,70,701,7010,Activities of head offices,,ANVC,
Cost Control & Risk Management Services,100910.0,70,702,7020,Management consultancy activities,,ANVC,
"Costumes, Shoes & Personal Items Rental",100913.0,77,772,7729,Renting and leasing of other personal and household goods,,ANVC,
Cotton & Natural Fibers Trading,100914.0,46,462,4620,Wholesale of agricultural raw materials and live animals,,ANVC,
Crane Rails & Fixing Accessories Trading,100919.0,47,475,4752,"Retail sale of hardware, paints and glass in specialized stores",,ANVC,
Creating and Implementing Code Structure and Content,100921.0,62,620,6201,Computer programming activities,,ANVC,
"Creative, Arts And Entertainment Activities",100928.0,90,900,9000,"Creative, arts and entertainment activities",,ANVC,
Crystal Products Trading,100948.0,46,464,4649,Wholesale of other household goods,,ANVC,
Curtains & Upholstery Fabrics Trading,100955.0,46,464,4641,"Wholesale of textiles, clothing and footwear",,ANVC,
Customs Broker,100963.0,52,522,5229,Other transportation support activities,,ANVC,
Customs Clearance Services,100964.0,52,522,5229,Other transportation support activities,,ANVC,
Cutlery & Silverware Trading,100966.0,46,464,4649,Wholesale of other household goods,,ANVC,
Cyber Risk Management Services,100975.0,62,620,6202,Computer consultancy and computer facilities management activities,,ANVC,
Cyber Security Architecture,100976.0,62,620,6201,Computer programming activities,,ANVC,
Cyber Security Consultancy,100977.0,62,620,6202,Computer consultancy and computer facilities management activities,,ANVC,
Data Classification & Analysis Services,100985.0,63,631,6311,"Data processing, hosting and related activities",,ANVC,
Data Entry Services,100987.0,63,631,6311,"Data processing, hosting and related activities",,ANVC,
Data Management & Cyber Security Services,100988.0,63,631,6311,"Data processing, hosting and related activities",,ANVC,
"Data Processing, Hosting And Related Activities",100991.0,63,631,6311,"Data processing, hosting and related activities",,ANVC,
Dates Trading,100999.0,47,472,4721,Retail sale of food in specialized stores,,ANVC,
Decoration Materials & Partitions Trading,101010.0,46,466,4663,"Wholesale of construction materials, hardware, plumbing and heating equipment and supplies",,ANVC,
Design & Artwork Services,101027.0,18,181,1812,Service activities related to printing,,ANVC,
Design & Production Of Frame Prototypes,101028.0,74,741,7410,specialized design activities,,ANVC,
Design Services,101032.0,74,741,7410,Specialized design activities,,ANVC,
Detergents & Disinfectants Trading,101043.0,46,466,4669,Wholesale of waste and scrap and other products n.e.c.,,ANVC,
Development and innovation in medical instruments and supplies,101049.0,70,702,7020,Management consultancy activities,,ANVC,
Diesel Fuel Trading (Outside UAE),101059.0,46,466,4661,"Wholesale of solid, liquid and gaseous fuels and related products",,ANVC,
Digital Analytics Services,101062.0,62,620,6202,Computer consultancy and computer facilities management activities,,ANVC,
Digital Content Services,101064.0,62,620,6202,Computer consultancy and computer facilities management activities,,ANVC,
Digital Platforms & Services,101070.0,62,620,6202,Computer consultancy and computer facilities management activities,,ANVC,
Disinfecting Booths & Equipment Trading,101085.0,46,465,4659,Wholesale of other machinery and equipment,,ANVC,
Distribution Of Advertising Materials & Samples,101106.0,73,731,7310,Advertising,,ANVC,
Diving Equipment Trading,101114.0,47,476,4763,Retail sale of sporting equipment in specialized stores,,ANVC,
Document Verification Followup Services,101119.0,82,829,8299,Other business support service activities n.e.c.,,ANVC,
Documents Clearing Services,101126.0,82,829,8299,Other business support service activities n.e.c.,,ANVC,
Domestic Kitchen & Fixture Trading,101131.0,47,475,4759,"Retail sale of electrical household appliances, furniture, lighting equipment and other household articles in specialized stores",,ANVC,
"Doors, Windows & Other Plastic Building Products Trading",101136.0,46,466,4663,"Wholesale of construction materials, hardware, plumbing and heating equipment and supplies",,ANVC,
Dried Vegetables & Fruit Trading,101141.0,46,463,4630,"Wholesale of food, beverages and tobacco",,ANVC,
Dry Batteries Trading,101150.0,46,465,4652,Wholesale of electronic and telecommunications equipment and parts,,ANVC,
Dry Ice Trading,101155.0,46,464,4649,Wholesale of other household goods,,ANVC,
E-Commerce,101163.0,47,479,4791,Retail sale via mail order houses or via Internet,,ANVC,
E-Commerce Through Social Media,101164.0,47,479,4791,Retail sale via mail order houses or via Internet,,ANVC,
E-sports Event Management,101176.0,73,731,7310,Advertising,,ANVC,
Education Support Services,101200.0,85,855,8550,Educational support activities,,ANVC,
Educational Aids Trading,101203.0,46,464,4649,Wholesale of other household goods,,ANVC,
Educational Technologies Research & Development,101208.0,72,722,7220,Research and experimental development on social sciences and humanities,,ANVC,
Egg Trading Import & Export,101212.0,46,463,4630,"Wholesale of food, beverages and tobacco",,ANVC,
Electric Vehicles Charging Stations & Systems & Spare Parts Trading,101224.0,46,465,4652,Wholesale of electronic and telecommunications equipment and parts,,ANVC,
Electrical & Electronic Appliances Spare Parts Trading,101229.0,46,465,4652,Wholesale of electronic and telecommunications equipment and parts,,ANVC,
Electrical Fittings Trading,101235.0,46,466,4663,"Wholesale of construction materials, hardware, plumbing and heating equipment and supplies",,ANVC,
Electronic Chips Programming,101255.0,62,620,6201,Computer programming activities,,ANVC,
Electronic Directory,101259.0,63,631,6311,"Data processing, hosting and related activities",,ANVC,
Electronic Precision Instruments Trading,101270.0,46,465,4652,Wholesale of electronic and telecommunications equipment and parts,,ANVC,
Encryption Equipment Trading,101290.0,47,474,4741,"Retail sale of computers, peripheral units, software and telecommunications equipment in specialized stores",,ANVC,
Encryption Software Trading,101291.0,47,474,4741,"Retail sale of computers, peripheral units, software and telecommunications equipment in specialized stores",,ANVC,
Energy Projects Engineering Consultancy,101299.0,71,711,7110,Architectural and engineering activities and related technical consultancy,,ANVC,
Engineering Designing Instruments Trading,101308.0,47,477,4773,Other retail sale of new goods in specialized stores,,ANVC,
Engines & Machinery Spare Parts Trading,101310.0,46,465,4659,Wholesale of other machinery and equipment,,ANVC,
Environment Protection Equipment Trading,101322.0,46,465,4659,Wholesale of other machinery and equipment,,ANVC,
Environmental Consultants & Studies,101326.0,72,721,7210,Research and experimental development on natural sciences and engineering,,ANVC,
Equipment Trading Of E-Games And Entertainment Halls,101338.0,46,464,4649,Wholesale of other household goods,,ANVC,
Event Organizing,101346.0,90,900,9000,"Creative, arts and entertainment activities",,ANVC,
Events Organizing & Managing,101350.0,82,823,8230,Organization of conventions and trade shows,,ANVC,
Exhibition Organizing,101358.0,82,823,8230,Organization of conventions and trade shows,,ANVC,
Face Masks & Gloves Trading,101376.0,47,477,4771,"Retail sale of clothing, footwear and leather articles in specialized stores",,ANVC,
Facilities Resources Planning Consultancy,101381.0,70,702,7020,Management consultancy activities,,ANVC,
False Ceiling Trading,101384.0,46,466,4663,"Wholesale of construction materials, hardware, plumbing and heating equipment and supplies",,ANVC,
Fashion and Clothes Designing,101389.0,74,741,7410,Specialized design activities,,ANVC,
Fashion Design Consultancy,101390.0,74,741,7410,Specialized design activities,,ANVC,
Fashion Designing,101389.0,74,741,7410,Specialized design activities,,ANVC,
Fashion Shows Organizing,101392.0,82,823,8230,Organization of conventions and trade shows,,ANVC,
Feasibility Studies Consultancies,101394.0,70,702,7020,Management consultancy activities,,ANVC,
Fencing & Barbed Wire Trading,101397.0,47,475,4752,"Retail sale of hardware, paints and glass in specialized stores",,ANVC,
Ferrous And Non Ferrous Metal Trading Import & Export,101398.0,46,466,4662,Wholesale of metals and metal ores,,ANVC,
Fiber Glass Products Trading,101404.0,46,466,4663,"Wholesale of construction materials, hardware, plumbing and heating equipment and supplies",,ANVC,
Fiber Optic Products & Requisites Trading,101406.0,47,477,4773,Other retail sale of new goods in specialized stores,,ANVC,
Filters & Purification Devices Trading,101420.0,46,465,4659,Wholesale of other machinery and equipment,,ANVC,
Fine Arts Consultancies,101430.0,70,702,7020,Management consultancy activities,,ANVC,
Fire Fighting Pipes Trading,101446.0,46,466,4663,"Wholesale of construction materials, hardware, plumbing and heating equipment and supplies",,ANVC,
Fire Resistant & Retardant Materials Trading,101450.0,47,475,4752,"Retail sale of hardware, paints and glass in specialized stores",,ANVC,
Fire Resistant Doors Trading,101452.0,46,465,4659,Wholesale of other machinery and equipment,,ANVC,
Fish & Meat Wastes Trading,101464.0,46,462,4620,Wholesale of agricultural raw materials and live animals,,ANVC,
Fishing & Hunting Requisites Wholesale,101475.0,46,464,4649,Wholesale of other household goods,,ANVC,
Flags & Flagpoles Trading,101482.0,46,464,4649,Wholesale of other household goods,,ANVC,
Flavours & Fragrances Trading,100081.0,46,463,4630,"Wholesale of food, beverages and tobacco",,ANVC,
Flour Trading,101496.0,46,463,4630,"Wholesale of food, beverages and tobacco",,ANVC,
Fodder Trading,101505.0,46,462,4620,Wholesale of agricultural raw materials and live animals,,ANVC,
Folklore Dance Performance,101507.0,90,900,9000,"Creative, arts and entertainment activities",,ANVC,
Food & Dairy Consultant,101509.0,70,702,7020,Management consultancy activities,,ANVC,
Food Supplements Trading,101522.0,46,463,4630,"Wholesale of food, beverages and tobacco",,ANVC,
Foodstuff & Beverages Trading,101508.0,46,463,4630,"Wholesale of food, beverages and tobacco",,ANVC,
Foodstuff Trading Import & Export,101529.0,46,463,4630,"Wholesale of food, beverages and tobacco",,ANVC,
Franking Machines Trading,101548.0,47,477,4773,Other retail sale of new goods in specialized stores,,ANVC,
Freight Broker,101552.0,52,522,5229,Other transportation support activities,,ANVC,
Freight Forwarding & Clearing Services,101553.0,52,522,5229,Other transportation support activities,,ANVC,
Fresh Fish & Marine Animals Trading,101462.0,46,463,4630,"Wholesale of food, beverages and tobacco",,ANVC,
"Fresh, Chilled & Frozen Meat Trading",101556.0,46,463,4630,"Wholesale of food, beverages and tobacco",,ANVC,
Frozen Fish & Seafood Trading,101560.0,46,463,4630,"Wholesale of food, beverages and tobacco",,ANVC,
Frozen Poultry Trading,101562.0,46,463,4630,"Wholesale of food, beverages and tobacco",,ANVC,
Fuel Supply Services (Outside UAE),101575.0,46,466,4661,"Wholesale of solid, liquid and gaseous fuels and related products",,ANVC,
Gaming Publisher,101587.0,58,582,5820,Software publishing,,ANVC,
Garbage & Waste Collection Containers Trading,101608.0,47,475,4752,"Retail sale of hardware, paints and glass in specialized stores",,ANVC,
Garden Equipment Trading,101612.0,46,464,4649,Wholesale of other household goods,,ANVC,
Garments Accessories Trading,101613.0,47,477,4771,"Retail sale of clothing, footwear and leather articles in specialized stores",,ANVC,
General Facilities And Services Engineering Consultancy,101637.0,81,811,8110,Combined facilities support activities,,ANVC,
General Trading,101646.0,46,469,4690,Non-specialized wholesale trade,,ANVC,
General Trading Import & Export,101646.0,46,469,4690,Non-specialized wholesale trade,,ANVC,
General Trading Wholesalers,101646.0,46,469,4690,Non-specialized wholesale trade,,ANVC,
Geophysical & Geological Studies & Services,101656.0,72,721,7210,Research and experimental development on natural sciences and engineering,,ANVC,
Ghee & Vegetable Oil Trading,101661.0,47,472,4721,Retail sale of food in specialized stores,,ANVC,
Gift Wrapping Services,101662.0,82,829,8292,Packaging activities,,ANVC,
Gifts Trading,101664.0,46,464,4649,Wholesale of other household goods,,ANVC,
Glass & Mirrors Trading,101665.0,46,466,4663,"Wholesale of construction materials, hardware, plumbing and heating equipment and supplies",,ANVC,
Glass Bottles Trading,101669.0,46,464,4649,Wholesale of other household goods,,ANVC,
Glass Waste Trading,101676.0,46,466,4669,Wholesale of waste and scrap and other products n.e.c.,,ANVC,
"Gliders, Sailplanes & Spare Parts Trading",101679.0,47,477,4773,Other retail sale of new goods in specialized stores,,ANVC,
Gold and Diamond trading Import & Export,101682.0,46,466,4662,Wholesale of metals and metal ores,,ANVC,
Goods Wholesalers,101698.0,46,469,4690,Non-specialized wholesale trade,,ANVC,
"Grains, Cereals & Legumes Trading",101703.0,46,462,4620,Wholesale of agricultural raw materials and live animals,,ANVC,
Grease Traps Trading,101710.0,47,475,4752,"Retail sale of hardware, paints and glass in specialized stores",,ANVC,
Green Buildings Construction Materials Trading,101711.0,47,475,4752,"Retail sale of hardware, paints and glass in specialized stores",,ANVC,
Green Buildings Consultant,101712.0,71,711,7110,Architectural and engineering activities and related technical consultancy,,ANVC,
Green Houses & Equipment Trading,101714.0,47,477,4773,Other retail sale of new goods in specialized stores,,ANVC,
Gum & Glue Trading,101724.0,46,466,4669,Wholesale of waste and scrap and other products n.e.c.,,ANVC,
Gypsum Products Trading,101731.0,46,466,4663,"Wholesale of construction materials, hardware, plumbing and heating equipment and supplies",,ANVC,
Handbags & Leather Products Trading,101743.0,46,464,4649,Wholesale of other household goods,,ANVC,
"Handling, Loading & Lifting Equipment Trading",101746.0,46,465,4659,Wholesale of other machinery and equipment,,ANVC,
Health Planning Consultancies,101763.0,70,702,7020,Management consultancy activities,,ANVC,
Heavy & Light Machinery & Equipment Rental,101771.0,77,773,7730,"Renting and leasing of other machinery, equipment and tangible goods",,ANVC,
Heavy Equipment & Machinery Spare Parts Trading,101774.0,46,465,4659,Wholesale of other machinery and equipment,,ANVC,
Honey & Apiary Accessories Trading,101800.0,46,463,4630,"Wholesale of food, beverages and tobacco",,ANVC,
Horse Equestrian Equipment & Requisites Trading,101804.0,47,476,4763,Retail sale of sporting equipment in specialized stores,,ANVC,
Hospitality Management Consultancy,101809.0,70,702,7020,Management consultancy activities,,ANVC,
Hospitality Services,101810.0,56,562,5621,Event catering,,ANVC,
Hotel Consultants,101814.0,70,702,7020,Management consultancy activities,,ANVC,
Household Utensils Trading,101825.0,46,464,4649,Wholesale of other household goods,,ANVC,
Human Resources Consultancy,101829.0,70,702,7020,Management consultancy activities,,ANVC,
Ice Cream Trading,101837.0,46,463,4630,"Wholesale of food, beverages and tobacco",,ANVC,
Ice Trading,101842.0,46,463,4630,"Wholesale of food, beverages and tobacco",,ANVC,
Ignition Materials Trading,101845.0,47,477,4773,Other retail sale of new goods in specialized stores,,ANVC,
Imitation Jewellery Trading,101849.0,46,464,4649,Wholesale of other household goods,,ANVC,
Immigration Consultancy,101850.0,70,702,7020,Management consultancy activities,,ANVC,
"Individual Writers, For All Subjects Including Fictional Writing, Technical Writing Etc",101863.0,90,900,9000,"Creative, arts and entertainment activities",,ANVC,
Industrial Kitchen & Catering Equipment Trading,101874.0,46,465,4659,Wholesale of other machinery and equipment,,ANVC,
Industrial Plant Equipment & Spare Parts Trading,101877.0,46,465,4659,Wholesale of other machinery and equipment,,ANVC,
Industrial Solvents Trading,101882.0,46,466,4669,Wholesale of waste and scrap and other products n.e.c.,,ANVC,
Industrial Sponge Trading,101883.0,47,475,4752,"Retail sale of hardware, paints and glass in specialized stores",,ANVC,
Information Helpline Directory,101889.0,82,822,8220,Activities of call centres,,ANVC,
Information Technology Consultants,101894.0,62,620,6202,Computer consultancy and computer facilities management activities,,ANVC,
Information Technology Network Services,101895.0,62,620,6202,Computer consultancy and computer facilities management activities,,ANVC,
"Infrastructure Services for Hosting, Data Processing, and Related Activities",101897.0,62,620,6202,Computer consultancy and computer facilities management activities,,ANVC,
Ink & Printing Materials Trading,101900.0,46,466,4669,Wholesale of waste and scrap and other products n.e.c.,,ANVC,
Innovation And Artificial Intelligence Research And Consultancies,101904.0,70,702,7020,Management consultancy activities,,ANVC,
Innovation Startup,101905.0,62,620,6201,Computer programming activities,,ANVC,
Insecticides Trading,101907.0,47,477,4773,Other retail sale of new goods in specialized stores,,ANVC,
"Inspection, Testing Equipment & Devices Trading",101909.0,47,477,4773,Other retail sale of new goods in specialized stores,,ANVC,
Insulation & Protection Materials Trading,101941.0,46,466,4663,"Wholesale of construction materials, hardware, plumbing and heating equipment and supplies",,ANVC,
Insurance Consultancies,101946.0,66,662,6622,Activities of insurance agents and brokers,,ANVC,
Intellectual Property Registration Agent,101951.0,69,691,6910,Legal activities,,ANVC,
Intellectual Property Rights Management,101952.0,77,774,7740,"Leasing of intellectual property and similar products, except copyrighted works",,ANVC,
Interior Design Consultancy,101961.0,71,711,7110,Architectural and engineering activities and related technical consultancy,,ANVC,
Interior Design Engineering Consultancy,101962.0,71,711,7110,Architectural and engineering activities and related technical consultancy,,ANVC,
Internet Consultancy,101972.0,62,620,6202,Computer consultancy and computer facilities management activities,,ANVC,
Investment In Agricultural Enterprises & Management,100117.0,64,649,6499,"Other financial service activities, except insurance and pension funding activities, n.e.c.",,ANVC,
Investment In Commercial Enterprises & Management,100768.0,64,649,6499,"Other financial service activities, except insurance and pension funding activities, n.e.c.",,ANVC,
Invitation & Greeting Cards Trading,101992.0,47,476,4761,"Retail sale of books, newspapers and stationary in specialized stores",,ANVC,
Ironmongery Trading,101999.0,46,466,4663,"Wholesale of construction materials, hardware, plumbing and heating equipment and supplies",,ANVC,
Irrigation Equipment & Requisites Trading,102000.0,46,465,4653,"Wholesale of agricultural machinery, equipment and supplies",,ANVC,
IT Infrastructure,102008.0,63,631,6311,"Data processing, hosting and related activities",,ANVC,
Jet Ski Trading,102015.0,45,454,4540,"Sale, maintenance and repair of motorcycles and related parts and accessories",,ANVC,
Jewellery and Precious Metal Trading,102016.0,47,477,4773,Other retail sale of new goods in specialized stores,,ANVC,
Jewellery Designing,102018.0,74,741,7410,Specialized design activities,,ANVC,
Jewellery Trading Import & Export,102016.0,46,464,4649,Wholesale of other household goods,,ANVC,
"Jewellery, Pearls and Precious Stones E-Trading",102017.0,47,479,4791,Retail sale via mail order houses or via Internet,,ANVC,
Juice Trading,102025.0,46,463,4630,"Wholesale of food, beverages and tobacco",,ANVC,
Kids Rides & Games Trading,102032.0,47,476,4764,Retail sale of games and toys in specialized stores,,ANVC,
Laboratories Chemicals Trading,102044.0,46,466,4669,Wholesale of waste and scrap and other products n.e.c.,,ANVC,
Laboratories Tools & Requisites Trading,102045.0,47,477,4773,Other retail sale of new goods in specialized stores,,ANVC,
Ladies Garment Trading,102052.0,47,477,4771,"Retail sale of clothing, footwear and leather articles in specialized stores",,ANVC,
Landscape Architecture Services,102064.0,71,711,7110,Architectural and engineering activities and related technical consultancy,,ANVC,
Laser & Lights Shows,102071.0,90,900,9000,"Creative, arts and entertainment activities",,ANVC,
Laundry & Dry Cleaning Equipment Trading,102076.0,47,477,4773,Other retail sale of new goods in specialized stores,,ANVC,
"Leasing Of Intellectual Property Products (Except Copyrighted Works, Such As Books Or Software)",102085.0,77,774,7740,"Leasing of intellectual property and similar products, except copyrighted works",,ANVC,
Leisure & Sport Equipment Rental,102097.0,77,772,7721,Renting and leasing of recreational and sports goods,,ANVC,
Life Saving Equipment Trading,102105.0,47,477,4773,Other retail sale of new goods in specialized stores,,ANVC,
Lifestyle Coaching,102108.0,74,749,7490,"Other professional, scientific and technical activities n.e.c.",,ANVC,
Lifestyle Consultancy,102108.0,96,960,9609,Other personal service activities n.e.c.,,ANVC,
Lifestyle Development Consultancy,102108.0,96,960,9609,Other personal service activities n.e.c.,,ANVC,
"Lifts, Escalators & Spare Parts Trading",102112.0,46,465,4659,Wholesale of other machinery and equipment,,ANVC,
Light Fitting & Fixtures Trading,102116.0,47,475,4759,"Retail sale of electrical household appliances, furniture, lighting equipment and other household articles in specialized stores",,ANVC,
Lighting Equipment & Requisites Trading,102119.0,46,465,4659,Wholesale of other machinery and equipment,,ANVC,
Lighting Poles Trading,102121.0,46,466,4663,"Wholesale of construction materials, hardware, plumbing and heating equipment and supplies",,ANVC,
Locks & Keys Trading,102145.0,47,475,4752,"Retail sale of hardware, paints and glass in specialized stores",,ANVC,
Logistics Consultancy,102148.0,70,702,7020,Management consultancy activities,,ANVC,
Lubricants & Grease Trading,102153.0,46,466,4661,"Wholesale of solid, liquid and gaseous fuels and related products",,ANVC,
Magnetic Technology Equipment Trading,102162.0,46,465,4659,Wholesale of other machinery and equipment,,ANVC,
"Management and organization of sporting events, external and internal",102176.0,93,931,9311,Operation of sports facilities,,ANVC,
Management Consultancies,102177.0,70,702,7020,Management consultancy activities,,ANVC,
Management Services,102181.0,70,701,7010,Activities of head offices,,ANVC,
Managing Operations Of Sports Facilities,102182.0,93,931,9311,Operation of sports facilities,,ANVC,
Maps & Drawings Copying Services,102600.0,82,821,8219,"Photocopying, document preparation and other specialized office support activities",,ANVC,
Marble & Natural Stones Trading,102603.0,46,466,4663,"Wholesale of construction materials, hardware, plumbing and heating equipment and supplies",,ANVC,
Maritime Consultancies Services,102621.0,70,702,7020,Management consultancy activities,,ANVC,
Market Research And Public Opinion Polling,102624.0,73,732,7320,Market research and public opinion polling,,ANVC,
Marketing Management,102631.0,73,732,7320,Market research and public opinion polling,,ANVC,
Marketing Research & Consultancies,102629.0,73,732,7320,Market research and public opinion polling,,ANVC,
Marketing Services Via Social Media,102633.0,62,620,6202,Computer consultancy and computer facilities management activities,,ANVC,
Means of Transportation Services Broker,102642.0,52,522,5229,Other transportation support activities,,ANVC,
Measuring & Control Systems Trading,102643.0,46,465,4659,Wholesale of other machinery and equipment,,ANVC,
Meat & Fish Processing Equipment & Machinery Trading,102646.0,46,465,4659,Wholesale of other machinery and equipment,,ANVC,
Mechanical Engineering Consultancies,102652.0,71,711,7110,Architectural and engineering activities and related technical consultancy,,ANVC,
Media Monitoring Services,102665.0,73,732,7320,Market research and public opinion polling,,ANVC,
Media Studies & Consultancies,102658.0,70,702,7020,Management consultancy activities,,ANVC,
Medical Billing Services,102680.0,82,829,8291,Activities of collection agencies and credit bureaus,,ANVC,
"Medical, Surgical Equipment & Instruments Trading Import & Export",102698.0,46,465,4659,Wholesale of other machinery and equipment,,ANVC,
Medicinal Chemicals Trading,102700.0,46,466,4669,Wholesale of waste and scrap and other products n.e.c.,,ANVC,
Men Underwears Trading,102709.0,47,477,4771,"Retail sale of clothing, footwear and leather articles in specialized stores",,ANVC,
Men'S Garment Trading,102712.0,47,477,4771,"Retail sale of clothing, footwear and leather articles in specialized stores",,ANVC,
Merchandising Services,102716.0,45,454,4540,"Sale, maintenance and repair of motorcycles and related parts and accessories",,ANVC,
Metal Alloys Trading,102717.0,46,466,4662,Wholesale of metals and metal ores,,ANVC,
Metal Blinds Trading,102718.0,47,475,4753,"Retail sale of carpets, rugs, wall and floor coverings in specialized stores",,ANVC,
Metal Cans & Containers Trading,102719.0,46,465,4659,Wholesale of other machinery and equipment,,ANVC,
Metal Drums & Barrels Trading,102720.0,46,465,4659,Wholesale of other machinery and equipment,,ANVC,
Metal Ores Trading,102721.0,46,466,4662,Wholesale of metals and metal ores,,ANVC,
Metal Ropes Trading,102722.0,47,475,4752,"Retail sale of hardware, paints and glass in specialized stores",,ANVC,
Metal Wires Trading,102723.0,47,475,4752,"Retail sale of hardware, paints and glass in specialized stores",,ANVC,
Metaverse Consultancy,102724.0,62,620,6202,Computer consultancy and computer facilities management activities,,ANVC,
Metaverse Service Provider,102724.0,62,620,6202,Computer consultancy and computer facilities management activities,,ANVC,
Meteorology Engineering Consultancy,102725.0,71,711,7110,Architectural and engineering activities and related technical consultancy,,ANVC,
Mind Abilities Development Equipment Trading,102729.0,47,477,4773,Other retail sale of new goods in specialized stores,,ANVC,
Mineral Water Trading,102730.0,46,463,4630,"Wholesale of food, beverages and tobacco",,ANVC,
Mobile Phones & Accessories Trading,102734.0,46,465,4652,Wholesale of electronic and telecommunications equipment and parts,,ANVC,
Mobile Phones Trading - Import & Export,102738.0,46,465,4652,Wholesale of electronic and telecommunications equipment and parts,,ANVC,
Modelling Agency,,78,781,7810,Activities of employment placement agencies,,ANVC,
Models Production By Three Dimensional Laser Scanning,102739.0,74,742,7420,Photographic activities,,ANVC,
Monetary & Banking Equipment Trading,102740.0,46,465,4659,Wholesale of other machinery and equipment,,ANVC,
Motion Picture Projection Activities,102744.0,59,591,5914,Motion picture projection activities,,ANVC,
Motion Picture Trading,,47,476,4762,Retail sale of music and video recordings in specialized stores,,ANVC,
"Motion Picture, Video And Television Programme Post-Production Activities",102748.0,59,591,5912,"Motion picture, video and television programme post-production activities",,ANVC,
Motorcycles Spare Parts & Accessories Trading,102749.0,45,454,4540,"Sale, maintenance and repair of motorcycles and related parts and accessories",,ANVC,
Motorcycles Trading (Outside UAE),102750.0,45,454,4540,"Sale, maintenance and repair of motorcycles and related parts and accessories",,ANVC,
Movie Filming & Production Equipment Rental,102751.0,77,773,7730,"Renting and leasing of other machinery, equipment and tangible goods",,ANVC,
Multi-Dimensional Images Trading (Hologram),102752.0,46,465,4652,Wholesale of electronic and telecommunications equipment and parts,,ANVC,
Multimedia Development,,59,591,5911,"Motion picture, video and television programme production activities",,ANVC,
Music Consultant,102753.0,90,900,9000,"Creative, arts and entertainment activities",,ANVC,
Musical Ensemble,,90,900,9000,"Creative, arts and entertainment activities",,ANVC,
Musical Instruments & Accessories Trading,,46,464,4649,Wholesale of other household goods,,ANVC,
Natural Gas and Oil Well Drilling (Outside UAE),103387.0,9,91,910,Support activities for petroleum and natural gas extraction,,ANVC,
Natural Gas Technology Marketing,102754.0,73,731,7310,Advertising,,ANVC,
Natural Herbs Trading,102755.0,46,463,4630,"Wholesale of food, beverages and tobacco",,ANVC,
Natural Resources Extraction Machinery & Equipment Trading,,47,477,4773,Other retail sale of new goods in specialized stores,,ANVC,
Network Consultancies,102756.0,62,620,6202,Computer consultancy and computer facilities management activities,,ANVC,
Network Websites Designing,102758.0,62,620,6201,Computer programming activities,,ANVC,
New Automobile Trading For Export (Outside UAE),102761.0,45,451,4510,Sale of motor vehicles,,ANVC,
New Motor Vehicles Trading Import & Export (Outside UAE),,45,451,4510,Sale of motor vehicles,,ANVC,
"Noise Control, Vibration & Acoustics Consultancy",102767.0,71,711,7110,Architectural and engineering activities and related technical consultancy,,ANVC,
Non Edible Oil Trading,102768.0,46,466,4669,Wholesale of waste and scrap and other products n.e.c.,,ANVC,
Non Specialized Wholesale Trading,,46,469,4690,Non-specialized wholesale trade,,ANVC,
Non-Commercial Information Services,102771.0,63,639,6399,Other information service activities n.e.c.,,ANVC,
Non-Manufactured Precious Metal Trading,102773.0,47,475,4752,"Retail sale of hardware, paints and glass in specialized stores",,ANVC,
Novelties Trading,102774.0,46,464,4649,Wholesale of other household goods,,ANVC,
Nuts Trading,102778.0,46,463,4630,"Wholesale of food, beverages and tobacco",,ANVC,
Occupational Hygiene & Safety Requisites Trading,102780.0,46,465,4659,Wholesale of other machinery and equipment,,ANVC,
Off Road Karts & Spare Parts Trading,102782.0,45,454,4540,"Sale, maintenance and repair of motorcycles and related parts and accessories",,ANVC,
Office Equipment Trading,102783.0,46,465,4659,Wholesale of other machinery and equipment,,ANVC,
Office Furniture Trading,102784.0,46,465,4659,Wholesale of other machinery and equipment,,ANVC,
Offshore Refined Oil Product Trading Abroad,,46,466,4661,"Wholesale of solid, liquid and gaseous fuels and related products",,ANVC,
Oil & Natural Gas Exploration Consultancies,102785.0,71,711,7110,Architectural and engineering activities and related technical consultancy,,ANVC,
Oil & natural Gas Fields Production’ Software Design,,62,620,6201,Computer programming activities,,ANVC,
Oil and Gas Facilities Consultancy,,71,711,7110,Architectural and engineering activities and related technical consultancy,,ANVC,
Oil Drilling Rigs & Equipment Trading,102787.0,46,465,4659,Wholesale of other machinery and equipment,,ANVC,
Oilfield & Natural Gas Equipment & Spare Parts Trading,102793.0,46,465,4659,Wholesale of other machinery and equipment,,ANVC,
Oilfield Chemicals Trading,102795.0,46,466,4669,Wholesale of waste and scrap and other products n.e.c.,,ANVC,
Old Postage Stamps & Currencies Trading,102796.0,46,464,4649,Wholesale of other household goods,,ANVC,
Organic Fertilizer & Plant Feed Trading,,47,477,4773,Other retail sale of new goods in specialized stores,,ANVC,
Organization Of Conventions And Trade Shows,102803.0,82,823,8230,Organization of conventions and trade shows,,ANVC,
Oriental Carpets Trading,,46,464,4649,Wholesale of other household goods,,ANVC,
Other Activities Auxiliary To Financial Service Activities,102804.0,66,661,6619,Other activities auxiliary to financial service activities,,ANVC,
Other Business Support Service Activities,,82,829,8299,Other business support service activities n.e.c.,,ANVC,
"Other Financial Service Activities, Except Insurance And Pension Funding Activities, NEC",102805.0,64,649,6499,"Other financial service activities, except insurance and pension funding activities, n.e.c.",,ANVC,
Other Food Service Activities,,56,562,5629,Other food service activities,,ANVC,
Other Human Resources Provision,102806.0,78,783,7830,Other human resources provision,,ANVC,
Other Information Service Activities NEC,102807.0,63,639,6399,Other information service activities n.e.c.,,ANVC,
Other Information Technology And Computer Service Activities,102808.0,62,620,6209,Other information technology and computer service activities,,ANVC,
"Other Professional, Scientific And Technical Activities",,74,749,7490,"Other professional, scientific and technical activities n.e.c.",,ANVC,
Other Publishing Activities,102809.0,58,581,5819,Other publishing activities,,ANVC,
Other Reservation Service And Related Activities,102811.0,79,799,7990,Other reservation service and related activities,,ANVC,
Other Transportation Support Activities,,52,522,5229,Other transportation support activities,,ANVC,
Packing & Packaging Equipment Trading,102815.0,46,465,4659,Wholesale of other machinery and equipment,,ANVC,
Packing & Packaging Materials Trading,102816.0,46,465,4659,Wholesale of other machinery and equipment,,ANVC,
Paging Receivers Trading,102819.0,47,477,4773,Other retail sale of new goods in specialized stores,,ANVC,
Paint & Varnish Trading,102820.0,46,466,4663,"Wholesale of construction materials, hardware, plumbing and heating equipment and supplies",,ANVC,
Painting Equipment Trading,102822.0,46,466,4663,"Wholesale of construction materials, hardware, plumbing and heating equipment and supplies",,ANVC,
Paintings & Frames Trading,102825.0,46,464,4649,Wholesale of other household goods,,ANVC,
Paper Products Trading,102826.0,46,466,4669,Wholesale of waste and scrap and other products n.e.c.,,ANVC,
Paper Trading,102827.0,46,466,4669,Wholesale of waste and scrap and other products n.e.c.,,ANVC,
Para-Pharmaceutical Products Trading (Outside UAE),102828.0,46,464,4649,Wholesale of other household goods,,ANVC,
Parties & Entertainments Services,102836.0,90,900,9000,"Creative, arts and entertainment activities",,ANVC,
Parties & Events Filming,,74,742,7420,Photographic activities,,ANVC,
Patent & Industrial Property Agent,102839.0,69,691,6910,Legal activities,,ANVC,
Patent & Intellectual Property Rights Management,102840.0,69,691,6910,Legal activities,,ANVC,
Pawn Consultant,,70,702,7020,Management consultancy activities,,ANVC,
Pearls & Precious Stones Trading Import & Export,102843.0,46,464,4649,Wholesale of other household goods,,ANVC,
Performing Arts & Music Festivals,,90,900,9000,"Creative, arts and entertainment activities",,ANVC,
Performing Arts Management,,90,900,9000,"Creative, arts and entertainment activities",,ANVC,
Perfumes & Cosmetics Trading,,46,464,4649,Wholesale of other household goods,,ANVC,
Personal Shopping Services,,74,749,7490,"Other professional, scientific and technical activities n.e.c.",,ANVC,
Persons With Special Needs Equipment Trading,102848.0,47,477,4772,"Retail sale of pharmaceutical and medical goods, cosmetic and toilet articles in specialized stores",,ANVC,
Pest Control Equipment Trading,102849.0,47,477,4773,Other retail sale of new goods in specialized stores,,ANVC,
Petrol Station Equipment Trading,102853.0,47,477,4773,Other retail sale of new goods in specialized stores,,ANVC,
Petroleum and Gas Tank Pipes Building Engineering Consultancy,102854.0,71,711,7110,Architectural and engineering activities and related technical consultancy,,ANVC,
Petroleum and Natural Gas Searching and Exploration Consultancy,102855.0,71,711,7110,Architectural and engineering activities and related technical consultancy,,ANVC,
Pharmaceutical Researches & Studies,102858.0,72,721,7210,Research and experimental development on natural sciences and engineering,,ANVC,
"Photocopying, Document Preparation And Other Specialized Office Support Activities",102862.0,82,821,8219,"Photocopying, document preparation and other specialized office support activities",,ANVC,
Photographic Activities,102864.0,74,742,7420,Photographic activities,,ANVC,
Photographic Processing Equipment & Requisites Trading,102866.0,46,464,4649,Wholesale of other household goods,,ANVC,
Photographs & Motion Pictures Processing,102868.0,74,742,7420,Photographic activities,,ANVC,
Photography Processing Materials Trading,102869.0,46,464,4649,Wholesale of other household goods,,ANVC,
Pipes & Fittings Trading,103298.0,46,466,4663,"Wholesale of construction materials, hardware, plumbing and heating equipment and supplies",,ANVC,
Plastic & Nylon Raw Materials Trading,102874.0,47,475,4752,"Retail sale of hardware, paints and glass in specialized stores",,ANVC,
Plastic Bags & Containers Trading,102875.0,47,475,4752,"Retail sale of hardware, paints and glass in specialized stores",,ANVC,
Plastic Sheets Trading,102876.0,47,475,4752,"Retail sale of hardware, paints and glass in specialized stores",,ANVC,
Portal,102886.0,63,631,6312,Web portals,,ANVC,
Ports & Marine Guide Equipment Trading,102888.0,47,477,4773,Other retail sale of new goods in specialized stores,,ANVC,
Potatoes Trading,102890.0,47,472,4721,Retail sale of food in specialized stores,,ANVC,
"Power Generation, Transmission & Distribution Equipment Trading",102891.0,46,465,4659,Wholesale of other machinery and equipment,,ANVC,
Pre-Fabricated Houses Trading,102892.0,46,466,4663,"Wholesale of construction materials, hardware, plumbing and heating equipment and supplies",,ANVC,
Precision Dies Trading,102893.0,46,465,4659,Wholesale of other machinery and equipment,,ANVC,
Printing Equipment & Instruments Trading,102896.0,46,465,4659,Wholesale of other machinery and equipment,,ANVC,
Procurement Consulting,,70,702,7020,Management consultancy activities,,ANVC,
Products Design Services,102898.0,71,711,7110,Architectural and engineering activities and related technical consultancy,,ANVC,
Project Development Consultant,102900.0,70,702,7020,Management consultancy activities,,ANVC,
Project Management Consultancy,102902.0,70,702,7020,Management consultancy activities,,ANVC,
Project Management Services,102903.0,82,821,8211,Combined office administrative service activities,,ANVC,
Promotional Gifts Preparing,102905.0,73,731,7310,Advertising,,ANVC,
Proprietary asset management company,,64,649,6499,"Other financial service activities, except insurance and pension funding activities, n.e.c.",,ANVC,
Proprietary investment company,,64,649,6499,"Other financial service activities, except insurance and pension funding activities, n.e.c.",,ANVC,
Protective Garments & Vests Trading,102906.0,46,464,4641,"Wholesale of textiles, clothing and footwear",,ANVC,
Public Networking Services,102908.0,62,620,6202,Computer consultancy and computer facilities management activities,,ANVC,
Public Relations Management,102912.0,70,702,7020,Management consultancy activities,,ANVC,
"Pumps, Engines & Generators Rental",,77,773,7730,"Renting and leasing of other machinery, equipment and tangible goods",,ANVC,
"Pumps, Engines, Valves & Spare Parts Trading",102928.0,46,465,4659,Wholesale of other machinery and equipment,,ANVC,
Quality & Standardization Consultants,102933.0,70,702,7020,Management consultancy activities,,ANVC,
"Quality, Standardization And Measuring Consultancy",102936.0,70,702,7020,Management consultancy activities,,ANVC,
Radio & Tv Broadcast Consultancy,,59,591,5911,"Motion picture, video and television programme production activities",,ANVC,
"Radio, Tv Stations, Cinema & Theater Equipment Trading",102941.0,46,465,4652,Wholesale of electronic and telecommunications equipment and parts,,ANVC,
Raised Access Computer Floors Trading,102944.0,47,475,4752,"Retail sale of hardware, paints and glass in specialized stores",,ANVC,
Rallies & Sport Tournaments Organizing Services,102946.0,93,931,9311,Operation of sports facilities,,ANVC,
Raw Materials Trading,102949.0,46,466,4669,Wholesale of waste and scrap and other products n.e.c.,,ANVC,
Ready-Made Garments Trading,102951.0,47,477,4771,"Retail sale of clothing, footwear and leather articles in specialized stores",,ANVC,
Ready-Mix Concrete Trading,102952.0,46,466,4663,"Wholesale of construction materials, hardware, plumbing and heating equipment and supplies",,ANVC,
Real Estate Consultancies,102955.0,68,682,6820,Real estate activities on a fee or contract basis,,ANVC,
Real Estate Mortgage Consultancy,102963.0,66,661,6619,Other activities auxiliary to financial service activities,,ANVC,
Real Estate Survey Services,102969.0,71,711,7110,Architectural and engineering activities and related technical consultancy,,ANVC,
Refined Oil Products Trading - Import & Export,102978.0,46,466,4661,"Wholesale of solid, liquid and gaseous fuels and related products",,ANVC,
Refrigeration & Cold Storage Equipment Trading,100144.0,46,465,4659,Wholesale of other machinery and equipment,,ANVC,
"Refrigerators, Freezers & Water Coolers Trading Import & Export",102980.0,46,465,4659,Wholesale of other machinery and equipment,,ANVC,
"Refrigerators, Washing Machines & Household Electrical Appliances Trading",102979.0,46,465,4659,Wholesale of other machinery and equipment,,ANVC,
Regional Liaison Office,102982.0,70,701,7010,Activities of head offices,,ANVC,
Reinforcement Steel Bars Trading,102985.0,46,466,4663,"Wholesale of construction materials, hardware, plumbing and heating equipment and supplies",,ANVC,
Renewable Energy Engineering Consultancy (Abroad ),102990.0,72,721,7210,Research and experimental development on natural sciences and engineering,,ANVC,
"Rental Of Loading, Lifting & Construction Equipment With Wheels & Motors",102991.0,77,773,7730,"Renting and leasing of other machinery, equipment and tangible goods",,ANVC,
Renting And Leasing Of Recreational And Sports Goods,,77,772,7721,Renting and leasing of recreational and sports goods,,ANVC,
Renting And Operational Leasing Of Office Machinery And Equipment Without Operator,,77,773,7730,"Renting and leasing of other machinery, equipment and tangible goods",,ANVC,
"Renting And Operational Leasing, Without Operator, Of Other Machinery And Equipment",,77,773,7730,"Renting and leasing of other machinery, equipment and tangible goods",,ANVC,
Repair Of Computers And Peripheral Equipment,,95,951,9511,Repair of computers and peripheral equipment,,ANVC,
Repair Of Other Personal And Household Goods,,95,952,9529,Repair of other personal and household goods,,ANVC,
Representative Office,,70,701,7010,Activities of head offices,,ANVC,
Research And Experimental Development On Natural Sciences And Engineering,,72,721,7210,Research and experimental development on natural sciences and engineering,,ANVC,
Research And Experimental Development On Social Sciences And Humanities,,72,722,7220,Research and experimental development on social sciences and humanities,,ANVC,
Restaurants Management,,82,821,8211,Combined office administrative service activities,,ANVC,
Restoring Of Works Of Art Such As Paintings Etc,,90,900,9000,"Creative, arts and entertainment activities",,ANVC,
Retail Sale Via Mail Order Houses Or Via Internet,,47,479,4791,Retail sale via mail order houses or via Internet,,ANVC,
Robots & Smart Machines Rental,,77,773,7730,"Renting and leasing of other machinery, equipment and tangible goods",,ANVC,
Rock Wool Trading,,47,475,4752,"Retail sale of hardware, paints and glass in specialized stores",,ANVC,
"Ropes, Sacks & Jute Bags Trading",,47,475,4752,"Retail sale of hardware, paints and glass in specialized stores",,ANVC,
Rubber Trading,,46,466,4669,Wholesale of waste and scrap and other products n.e.c.,,ANVC,
Salt Trading,,46,463,4630,"Wholesale of food, beverages and tobacco",,ANVC,
Salted & Preserved Fish & Seafood Trading,,46,463,4630,"Wholesale of food, beverages and tobacco",,ANVC,
"Sand, Gravel & Stones Trading",,47,475,4752,"Retail sale of hardware, paints and glass in specialized stores",,ANVC,
Sanitary Ware Trading,,47,475,4752,"Retail sale of hardware, paints and glass in specialized stores",,ANVC,
Satellites’ Components & Spare Parts Trading,,46,465,4652,Wholesale of electronic and telecommunications equipment and parts,,ANVC,
Scaffolds Trading,,46,466,4663,"Wholesale of construction materials, hardware, plumbing and heating equipment and supplies",,ANVC,
Scales & Dry Measures Trading,,47,477,4773,Other retail sale of new goods in specialized stores,,ANVC,
"Schools, Hospitals & Laboratories Furniture Trading",,46,465,4659,Wholesale of other machinery and equipment,,ANVC,
Science & Technology Consultancy,,72,721,7210,Research and experimental development on natural sciences and engineering,,ANVC,
Scientific & Laboratory Equipment Trading,,46,465,4659,Wholesale of other machinery and equipment,,ANVC,
Scooters Trading,,45,454,4540,"Sale, maintenance and repair of motorcycles and related parts and accessories",,ANVC,
Sea Cargo Services,,52,522,5224,Cargo handling,,ANVC,
Sea Cleaning Equipment Trading,,46,465,4659,Wholesale of other machinery and equipment,,ANVC,
Search Engine Operator,,63,631,6312,Web portals,,ANVC,
Security Systems & Equipment Trading,,46,465,4659,Wholesale of other machinery and equipment,,ANVC,
Security Systems Consultancy,,62,620,6209,Other information technology and computer service activities,,ANVC,
Seeds Trading,,46,462,4620,Wholesale of agricultural raw materials and live animals,,ANVC,
Service Activities Related To Printing,103598.0,18,181,1812,Service activities related to printing,,ANVC,
Sewing & Embroidery Requisites Trading,,47,475,4751,Retail sale of textiles in specialized stores,,ANVC,
Sewing Machines & Spare Parts Trading,103297.0,46,465,4659,Wholesale of other machinery and equipment,,ANVC,
Ships & Boats Trading,100436.0,46,465,4659,Wholesale of other machinery and equipment,,ANVC,
"Ships, Boats Spare Parts & Components Trading",103296.0,46,465,4659,Wholesale of other machinery and equipment,,ANVC,
Shoe Trading,103295.0,47,477,4771,"Retail sale of clothing, footwear and leather articles in specialized stores",,ANVC,
Shop Fittings Trading,103294.0,47,477,4773,Other retail sale of new goods in specialized stores,,ANVC,
Simulation Equipment & Systems Trading & Maintenance,,47,477,4773,Other retail sale of new goods in specialized stores,,ANVC,
Sleeping Cabins Rental,,77,773,7730,"Renting and leasing of other machinery, equipment and tangible goods",,ANVC,
Slippers & Sandals Trading,,47,477,4771,"Retail sale of clothing, footwear and leather articles in specialized stores",,ANVC,
Smart Machines & Spare Parts Trading,,46,465,4659,Wholesale of other machinery and equipment,,ANVC,
Smelters & Furnaces Refractory Materials Trading,,46,469,4690,Non-specialized wholesale trade,,ANVC,
Snack Food Trading,103263.0,46,463,4630,"Wholesale of food, beverages and tobacco",,ANVC,
Soap & Hair Care Products Trading,103262.0,46,464,4649,Wholesale of other household goods,,ANVC,
Social Event Management,,88,889,8890,Other social work activities without accommodation,,ANVC,
Social Media Applications Development & Management,103261.0,62,620,6201,Computer programming activities,,ANVC,
Soft Drinks & Carbonated Water Trading,103257.0,46,463,4630,"Wholesale of food, beverages and tobacco",,ANVC,
Software Development Services,103256.0,62,620,6201,Computer programming activities,,ANVC,
Software House,103256.0,62,620,6201,Computer programming activities,,ANVC,
Software Installation,103252.0,62,620,6209,Other information technology and computer service activities,,ANVC,
Software Publishing,103253.0,58,582,5820,Software publishing,,ANVC,
Solar Energy Systems & Components Trading,103251.0,46,465,4659,Wholesale of other machinery and equipment,,ANVC,
Spa & Fitness Clubs Consultant,103245.0,70,702,7020,Management consultancy activities,,ANVC,
Special Effects Production,103243.0,59,591,5911,"Motion picture, video and television programme production activities",,ANVC,
Special Fabrics & Fibers For Construction Trading,103242.0,46,466,4663,"Wholesale of construction materials, hardware, plumbing and heating equipment and supplies",,ANVC,
Specialized Design Activities,,74,741,7410,Specialized design activities,,ANVC,
Specialized Electric Cars Trading (Outside UAE),,45,451,4510,Sale of motor vehicles,,ANVC,
Specialized Vehicles For Safe Transport Trading,103224.0,45,451,4510,Sale of motor vehicles,,ANVC,
Spectacles & Contact Lenses - Import & Export,103231.0,46,464,4649,Wholesale of other household goods,,ANVC,
Spices Trading,103235.0,46,463,4630,"Wholesale of food, beverages and tobacco",,ANVC,
Spinning & Weaving Equipment & Spare Parts Trading,103217.0,46,465,4659,Wholesale of other machinery and equipment,,ANVC,
Sponge Mattresses Trading,103218.0,47,475,4759,"Retail sale of electrical household appliances, furniture, lighting equipment and other household articles in specialized stores",,ANVC,
Sport & Recreational Events Tickets Selling,103222.0,79,799,7990,Other reservation service and related activities,,ANVC,
Sport Clubs & Facilities Management,103221.0,93,931,9311,Operation of sports facilities,,ANVC,
Sport Equipment Trading,103220.0,47,476,4763,Retail sale of sporting equipment in specialized stores,,ANVC,
Sport Research & Consultancies,103216.0,70,702,7020,Management consultancy activities,,ANVC,
Sports Consultancy,103216.0,70,702,7020,Management consultancy activities,,ANVC,
Sports Events Marketing,103213.0,73,731,7310,Advertising,,ANVC,
Sports Exhibitions Organizing,103212.0,82,823,8230,Organization of conventions and trade shows,,ANVC,
Sports Fields &Halls Equipment Trading,103211.0,47,476,4763,Retail sale of sporting equipment in specialized stores,,ANVC,
Sports Services,103209.0,93,931,9319,Other sports activities,,ANVC,
Sports Wear Trading,103208.0,47,477,4771,"Retail sale of clothing, footwear and leather articles in specialized stores",,ANVC,
"Stationery , Drawing & Writing Instruments Trading Import & Export",100447.0,46,464,4649,Wholesale of other household goods,,ANVC,
Stationery Trading,100447.0,46,464,4649,Wholesale of other household goods,,ANVC,
Statistical Services Consultancies,103205.0,73,732,7320,Market research and public opinion polling,,ANVC,
Steel & Basic Steel Products Trading – Import & Export,103204.0,46,466,4662,Wholesale of metals and metal ores,,ANVC,
Sterilizers & Disinfectants Trading,103202.0,46,466,4661,"Wholesale of solid, liquid and gaseous fuels and related products",,ANVC,
Sticks & Umbrellas Trading,103097.0,46,464,4641,"Wholesale of textiles, clothing and footwear",,ANVC,
Structural Wire Rope Systems Trading,103200.0,47,477,4773,Other retail sale of new goods in specialized stores,,ANVC,
Sugar Trading,100825.0,46,463,4630,"Wholesale of food, beverages and tobacco",,ANVC,
Suitcases & Travel Requisites Trading,103196.0,47,477,4771,"Retail sale of clothing, footwear and leather articles in specialized stores",,ANVC,
Surveying & Evaluating Services,103286.0,74,749,7490,"Other professional, scientific and technical activities n.e.c.",,ANVC,
Surveying Planning & Photogrammetry Services,103287.0,71,711,7110,Architectural and engineering activities and related technical consultancy,,ANVC,
Tanks & Silos Trading,103184.0,47,475,4752,"Retail sale of hardware, paints and glass in specialized stores",,ANVC,
Tanned Leathers Trading,103183.0,46,464,4649,Wholesale of other household goods,,ANVC,
Tannery & Dyeing Materials Trading,103182.0,46,466,4669,Wholesale of waste and scrap and other products n.e.c.,,ANVC,
Tax Consultant,103177.0,69,692,6920,"Accounting, bookkeeping and auditing activities; tax consultancy",,ANVC,
Taxation Procedures Follow-Up,103174.0,69,692,6920,"Accounting, bookkeeping and auditing activities; tax consultancy",,ANVC,
Tea Trading,103268.0,46,463,4630,"Wholesale of food, beverages and tobacco",,ANVC,
Technical Testing And Analysis,103172.0,71,712,7120,Technical testing and analysis,,ANVC,
Telecommunications Equipment Trading,103166.0,46,465,4652,Wholesale of electronic and telecommunications equipment and parts,,ANVC,
Telephones & Telecommunications Equipment Trading,103161.0,47,474,4741,"Retail sale of computers, peripheral units, software and telecommunications equipment in specialized stores",,ANVC,
"Tents , Sheds & Tarpaulins Trading",103158.0,47,475,4751,Retail sale of textiles in specialized stores,,ANVC,
Textile Trading,103156.0,47,475,4751,Retail sale of textiles in specialized stores,,ANVC,
Textiles & Fabrics Waste Trading,103157.0,46,466,4669,Wholesale of waste and scrap and other products n.e.c.,,ANVC,
Theater & Cinema Management,103155.0,82,821,8211,Combined office administrative service activities,,ANVC,
Threads & Yarns Trading,103152.0,46,464,4641,"Wholesale of textiles, clothing and footwear",,ANVC,
Tiles & Flooring Materials Trading,103150.0,46,466,4663,"Wholesale of construction materials, hardware, plumbing and heating equipment and supplies",,ANVC,
Timber Trading,103149.0,46,466,4663,"Wholesale of construction materials, hardware, plumbing and heating equipment and supplies",,ANVC,
Tourism & Recreation Consultants,103144.0,70,702,7020,Management consultancy activities,,ANVC,
Toys & Games Trading,,47,476,4764,Retail sale of games and toys in specialized stores,,ANVC,
Trade Energy Drinks- Wholesale,,46,463,4630,"Wholesale of food, beverages and tobacco",,ANVC,
Trade Mark Verification Services,103141.0,71,712,7120,Technical testing and analysis,,ANVC,
Trade Marks Registration Agent,103142.0,69,691,6910,Legal activities,,ANVC,
Traffic Signs & Requisites Trading,103139.0,46,465,4659,Wholesale of other machinery and equipment,,ANVC,
Trains Spare Parts & Components Trading,103137.0,47,477,4773,Other retail sale of new goods in specialized stores,,ANVC,
"Translation, Editing & Proofreading Services",103128.0,74,749,7490,"Other professional, scientific and technical activities n.e.c.",,ANVC,
Transport Consultancies,103124.0,52,522,5229,Other transportation support activities,,ANVC,
Travel Agency,103119.0,79,791,7911,Travel agency activities,,ANVC,
"Typewriters, Photocopiers & Spare Parts Trading",103086.0,47,474,4741,"Retail sale of computers, peripheral units, software and telecommunications equipment in specialized stores",,ANVC,
Tyres & Rims Trading,103093.0,45,453,4530,Sale of motor vehicle parts and accessories,,ANVC,
Uniforms Trading,103099.0,47,477,4771,"Retail sale of clothing, footwear and leather articles in specialized stores",,ANVC,
University Admission Services,103061.0,85,855,8550,Educational support activities,,ANVC,
Upholstery Requisites & Materials Trading,103066.0,47,475,4752,"Retail sale of hardware, paints and glass in specialized stores",,ANVC,
Upholstery Requisites Trading,103066.0,47,475,4752,"Retail sale of hardware, paints and glass in specialized stores",,ANVC,
Used Auto Spare Parts Trading,103070.0,45,453,4530,Sale of motor vehicle parts and accessories,,ANVC,
Used Automobile Trading For Export,103072.0,45,451,4510,Sale of motor vehicles,,ANVC,
Used Building Machinery & Equipment Trading,103073.0,47,477,4774,Retail sale of second-hand goods,,ANVC,
Used Cars Trading - Import & Export,103075.0,45,451,4510,Sale of motor vehicles,,ANVC,
Used Cloth & Personal Items Trading,103076.0,46,464,4641,"Wholesale of textiles, clothing and footwear",,ANVC,
Used Cooking Oils Trading,103077.0,46,466,4669,Wholesale of waste and scrap and other products n.e.c.,,ANVC,
Used Electrical & Electronic Appliances Trading,103078.0,47,477,4774,Retail sale of second-hand goods,,ANVC,
Used Furniture Trading,103079.0,47,477,4774,Retail sale of second-hand goods,,ANVC,
Used Heavy Equipment & Machinery Trading,103080.0,47,477,4774,Retail sale of second-hand goods,,ANVC,
Used Household Utensils Trading,103083.0,47,477,4774,Retail sale of second-hand goods,,ANVC,
Vegetables & Fruit Trading,103057.0,46,463,4630,"Wholesale of food, beverages and tobacco",,ANVC,
Vending Machines Trading,103053.0,46,465,4659,Wholesale of other machinery and equipment,,ANVC,
Ventilators & Fans Trading,103052.0,46,465,4659,Wholesale of other machinery and equipment,,ANVC,
Vertical & Horizontal Transportation Systems Consultant,103051.0,71,711,7110,Architectural and engineering activities and related technical consultancy,,ANVC,
Veterinary Equipment & Instruments Trading,103042.0,46,465,4659,Wholesale of other machinery and equipment,,ANVC,
Video Games Consoles Trading,103041.0,46,464,4649,Wholesale of other household goods,,ANVC,
Video games Wholesale Trading,103041.0,46,464,4649,Wholesale of other household goods,,ANVC,
Visual Recorded Media Trading,103037.0,47,476,4762,Retail sale of music and video recordings in specialized stores,,ANVC,
Waste Management & Recycling Consultancy,103032.0,70,702,7020,Management consultancy activities,,ANVC,
Waste Paper Trading,103022.0,46,466,4669,Wholesale of waste and scrap and other products n.e.c.,,ANVC,
Waste Plastic Trading,103023.0,46,466,4669,Wholesale of waste and scrap and other products n.e.c.,,ANVC,
Watches & Clocks & Spare Parts Trading,103024.0,46,465,4652,Wholesale of electronic and telecommunications equipment and parts,,ANVC,
Water Cooling & Heating Equipment Trading,103025.0,46,466,4663,"Wholesale of construction materials, hardware, plumbing and heating equipment and supplies",,ANVC,
Water Desalination Equipment Trading,103026.0,46,465,4659,Wholesale of other machinery and equipment,,ANVC,
Water Heaters Trading,103027.0,47,475,4752,"Retail sale of hardware, paints and glass in specialized stores",,ANVC,
Water Treatment & Purification Chemicals Trading,103028.0,46,466,4669,Wholesale of waste and scrap and other products n.e.c.,,ANVC,
Water Treatment Equipment Trading,103029.0,46,465,4659,Wholesale of other machinery and equipment,,ANVC,
Wax Candles Trading,103008.0,47,475,4759,"Retail sale of electrical household appliances, furniture, lighting equipment and other household articles in specialized stores",,ANVC,
Web Portals,103015.0,63,631,6312,Web portals,,ANVC,
Web-Design,103013.0,62,620,6201,Computer programming activities,,ANVC,
Web3 Accelerators,103016.0,62,620,6201,Computer programming activities,,ANVC,
Web3 Venture Studio,103017.0,62,620,6201,Computer programming activities,,ANVC,
Wedding Parties Organizing,103018.0,90,900,9000,"Creative, arts and entertainment activities",,ANVC,
Weighing & Measuring Services,103020.0,74,749,7490,"Other professional, scientific and technical activities n.e.c.",,ANVC,
Well Drilling Equipment Trading,103021.0,47,477,4773,Other retail sale of new goods in specialized stores,,ANVC,
Wholesale of Agricultural and Veterinary Pesticides Trading - Import & Export,,46,466,4669,Wholesale of waste and scrap and other products n.e.c.,,ANVC,
Wholesale Of Agricultural Machinery And Equipment,,46,465,4653,"Wholesale of agricultural machinery, equipment and supplies",,ANVC,
Wholesale of Alarm And Monitor Devices And Equipment Trading - Import & Export,,46,465,4659,Wholesale of other machinery and equipment,,ANVC,
"Wholesale of Aloes, Incense And Perfume Trading - Import & Export",,46,464,4649,Wholesale of other household goods,,ANVC,
Wholesale of Animal and Poultry Food Trading - Import & Export,,46,462,4620,Wholesale of agricultural raw materials and live animals,,ANVC,
Wholesale of Baby Shoes Trading - Import & Export,,46,464,4641,"Wholesale of textiles, clothing and footwear",,ANVC,
"Wholesale of Building Sand, Pebbles and Stones Trading - Import & Export",,46,466,4663,"Wholesale of construction materials, hardware, plumbing and heating equipment and supplies",,ANVC,
"Wholesale of Buildings, Windows and Doors Metal Products Trading - Import & Export",,46,466,4663,"Wholesale of construction materials, hardware, plumbing and heating equipment and supplies",,ANVC,
"Wholesale Of Charcoal, Coal, Coke, Fuel Wood, Naphtha",,46,466,4661,"Wholesale of solid, liquid and gaseous fuels and related products",,ANVC,
Wholesale of Chemical Fertilizers Trading - Import & Export,,46,466,4669,Wholesale of waste and scrap and other products n.e.c.,,ANVC,
Wholesale of Chemical Material Trading for Building Purposes - Import & Export,,46,466,4669,Wholesale of waste and scrap and other products n.e.c.,,ANVC,
Wholesale of Children Ready-made Clothes Trading - Import & Export,,46,464,4641,"Wholesale of textiles, clothing and footwear",,ANVC,
Wholesale of Complementary Foils And Circles,,46,465,4652,Wholesale of electronic and telecommunications equipment and parts,,ANVC,
"Wholesale Of Computers, Computer Peripheral Equipment And Software",,46,465,4651,"Wholesale of computers, computer peripheral equipment and software",,ANVC,
Wholesale of Construction and Building Equipment and Machinery and Outfit Trading - Import & Export,,46,465,4659,Wholesale of other machinery and equipment,,ANVC,
"Wholesale Of Construction Materials, Hardware, Plumbing And Heating Equipment And Supplies",,46,466,4663,"Wholesale of construction materials, hardware, plumbing and heating equipment and supplies",,ANVC,
Wholesale of Cosmetics and Makeup Trading - Import & Export,,46,464,4649,"Wholesale of other household goods
",,ANVC,
Wholesale of Crude Leather Trading - Import & Export,,46,462,4620,Wholesale of agricultural raw materials and live animals,,ANVC,
Wholesale of Crude Oil Trading - Import & Export,,46,466,4661,"Wholesale of solid, liquid and gaseous fuels and related products",,ANVC,
Wholesale Of Dairy Products,,46,463,4630,"Wholesale of food, beverages and tobacco",,ANVC,
Wholesale Of Eggs And Egg Products,,46,463,4630,"Wholesale of food, beverages and tobacco",,ANVC,
Wholesale Of Electronic And Telecommunications Equipment And Parts,,46,465,4652,Wholesale of electronic and telecommunications equipment and parts,,ANVC,
Wholesale of Electronic Devices Trading For Specializations,,46,465,4652,Wholesale of electronic and telecommunications equipment and parts,,ANVC,
Wholesale of Engineering Drawing Equipment Trading - Import & Export,,46,465,4659,Wholesale of other machinery and equipment,,ANVC,
Wholesale Of Food And Beverages,,46,463,4630,"Wholesale of food, beverages and tobacco",,ANVC,
Wholesale of Food Oil and Animal and Plant Fat Trading - Import & Export,,46,463,4630,"Wholesale of food, beverages and tobacco",,ANVC,
Wholesale of Formal Clothes Trading,,46,464,4641,"Wholesale of textiles, clothing and footwear",,ANVC,
Wholesale of Frozen Foodstuff Trading,,46,463,4630,"Wholesale of food, beverages and tobacco",,ANVC,
Wholesale Of Fruit And Vegetables,,46,463,4630,"Wholesale of food, beverages and tobacco",,ANVC,
Wholesale of Games And Baby Toys Trading,,46,464,4649,Wholesale of other household goods,,ANVC,
Wholesale Of Gold And Other Precious Metals,,46,466,4662,Wholesale of metals and metal ores,,ANVC,
Wholesale of Healthy Foodstuff Trading,,46,463,4630,"Wholesale of food, beverages and tobacco",,ANVC,
Wholesale Of Household Appliances,,46,464,4649,Wholesale of other household goods,,ANVC,
Wholesale Of Household Furniture,,46,464,4649,Wholesale of other household goods,,ANVC,
Wholesale of Iron Main Products Trading - Import & Export,,46,466,4662,Wholesale of metals and metal ores,,ANVC,
Wholesale of Marine Equipment and Machinery Spare Parts Trading,,46,465,4659,Wholesale of other machinery and equipment,,ANVC,
Wholesale of Marine Equipment and Machinery Trading - Import & Export,,46,465,4659,Wholesale of other machinery and equipment,,ANVC,
Wholesale Of Meat And Meat Products,,46,463,4630,"Wholesale of food, beverages and tobacco",,ANVC,
Wholesale of Medical Gas Trading - Import & Export,,46,466,4669,Wholesale of waste and scrap and other products n.e.c.,,ANVC,
"Wholesale of Medical, Surgical Articles & Requisites",,47,477,4772,"Retail sale of pharmaceutical and medical goods, cosmetic and toilet articles in specialized stores",,ANVC,
Wholesale of Medication Chemicals Trading - Import & Export,,46,466,4669,Wholesale of waste and scrap and other products n.e.c.,,ANVC,
Wholesale of Men Ready-made Clothes Trading - Import & Export,,46,464,4641,"Wholesale of textiles, clothing and footwear",,ANVC,
Wholesale of metals and metal ores except gold and other precious metals,,46,466,4662,Wholesale of metals and metal ores,,ANVC,
Wholesale Of Motor Vehicle Parts And Accessories,,45,453,4530,Sale of motor vehicle parts and accessories,,ANVC,
Wholesale of Musical Instruments Trading - Import & Export,,46,464,4649,Wholesale of other household goods,,ANVC,
Wholesale of Natural Fertilizers and Agricultural Reclamation Material Trading - Import & Export,,46,466,4669,Wholesale of waste and scrap and other products n.e.c.,,ANVC,
Wholesale Of Office Furniture,,46,465,4659,Wholesale of other machinery and equipment,,ANVC,
Wholesale of Oil and Natural Gas Well Equipment and Devices and Spare Parts Trading - Import & Export,,46,465,4659,Wholesale of other machinery and equipment,,ANVC,
Wholesale of Oil Well Chemicals Trading - Import & Export,,46,466,4669,Wholesale of waste and scrap and other products n.e.c.,,ANVC,
Wholesale of organic food Trading,,46,463,4630,"Wholesale of food, beverages and tobacco",,ANVC,
Wholesale Of Other Household Goods,,46,464,4649,Wholesale of other household goods,,ANVC,
Wholesale Of Other Machinery And Equipment,,46,465,4659,Wholesale of other machinery and equipment,,ANVC,
Wholesale of Packaging and Wrapping Equipment Trading - Import & Export,,46,465,4659,Wholesale of other machinery and equipment,,ANVC,
Wholesale of Perfume Trading,,46,464,4649,Wholesale of other household goods,,ANVC,
Wholesale of Petrochemical Material Trading - Import & Export,,46,466,4669,Wholesale of waste and scrap and other products n.e.c.,,ANVC,
Wholesale Of Plastic Materials,,46,466,4669,Wholesale of waste and scrap and other products n.e.c.,,ANVC,
"Wholesale of plastic materials, rubber, textile fibres, paper in bulk",,46,466,4669,Wholesale of waste and scrap and other products n.e.c.,,ANVC,
Wholesale Of Precious Stones,,46,464,4649,Wholesale of other household goods,,ANVC,
Wholesale of Precise Electronic Devices Trading - Import & Export,,46,465,4652,Wholesale of electronic and telecommunications equipment and parts,,ANVC,
Wholesale of Professional Shoes Trading - Import & Export,,46,464,4641,"Wholesale of textiles, clothing and footwear",,ANVC,
Wholesale of Raw Material Trading - Import & Export,,46,466,4669,Wholesale of waste and scrap and other products n.e.c.,,ANVC,
Wholesale Of Rubber,,46,466,4669,Wholesale of waste and scrap and other products n.e.c.,,ANVC,
Wholesale of Scrap Trading of Used Pipes and Tubes - Import & Export (Only for EXPORT),,46,466,4669,Wholesale of waste and scrap and other products n.e.c.,,ANVC,
Wholesale of Security Apparatuses and Equipment Trading,,46,465,4659,Wholesale of other machinery and equipment,,ANVC,
Wholesale of Sheep Trading,,46,462,4620,Wholesale of agricultural raw materials and live animals,,ANVC,
Wholesale of Solar Power Equipment and Outfit Trading - Import & Export,,46,465,4659,Wholesale of other machinery and equipment,,ANVC,
Wholesale of Spice and Pepper Trading - Import & Export,103235.0,46,463,4630,"Wholesale of food, beverages and tobacco",,ANVC,
Wholesale of Sports Shoes Trading,,46,464,4641,"Wholesale of textiles, clothing and footwear",,ANVC,
Wholesale of Sports Tools Trading,,46,464,4649,Wholesale of other household goods,,ANVC,
Wholesale of Synthetic Chemical Trading - Import & Export,,46,466,4669,Wholesale of waste and scrap and other products n.e.c.,,ANVC,
Wholesale of Textiles and Clothes Trading,,46,464,4641,"Wholesale of textiles, clothing and footwear",,ANVC,
Wholesale of Textiles and Clothes Trading - Import & Export,,46,464,4641,"Wholesale of textiles, clothing and footwear",,ANVC,
"Wholesale of textiles, clothing and footwear",,46,464,4641,"Wholesale of textiles, clothing and footwear",,ANVC,
Wholesale of Unworked Gold and Precious Metals Trading - Import & Export,,46,466,4662,Wholesale of metals and metal ores,,ANVC,
Wholesale of Waste and Scrap Metal Import & Export (Only for EXPORT),,46,466,4669,Wholesale of waste and scrap and other products n.e.c.,,ANVC,
Wholesale of Workshop Metal Equipment and Tools Trading - Import & Export,,46,465,4659,Wholesale of other machinery and equipment,,ANVC,
Wholesale On A Fee Or Contract Basis,,46,461,4610,Wholesale on a fee or contract basis,,ANVC,
Wholesale Sunglasses and non - medical contact lenses,103231.0,46,464,4649,Wholesale of other household goods,,ANVC,
Wholesale trade in soil stabilizers,,46,462,4620,Wholesale of agricultural raw materials and live animals,,ANVC,
Wireless Equipment & Instruments Trading,103004.0,46,465,4652,Wholesale of electronic and telecommunications equipment and parts,,ANVC,
Wires & Cables Trading,103003.0,47,475,4752,"Retail sale of hardware, paints and glass in specialized stores",,ANVC,
Women Underwears Trading,103002.0,47,477,4771,"Retail sale of clothing, footwear and leather articles in specialized stores",,ANVC,
Wooden Products Trading,103001.0,46,466,4663,"Wholesale of construction materials, hardware, plumbing and heating equipment and supplies",,ANVC,
Wool & Animal Hair Trading,103000.0,46,462,4620,Wholesale of agricultural raw materials and live animals,,ANVC,
"Workshop Equipment, Machinery & Spare Parts Trading",102999.0,46,465,4659,Wholesale of other machinery and equipment,,ANVC,
Workshop Hardware & Tools Trading,102998.0,47,475,4752,"Retail sale of hardware, paints and glass in specialized stores",,ANVC,
Industrial & Liquefied Natural Gas Trading,101865,46,466,4669,Wholesale of waste and scrap and other products n.e.c.,,ANVC,Draft
Swimming Pools Trading,103190,46,464,4649,Wholesale of other household goods,,ANVC,Draft
Tar & Asphalt Trading,103180,47,475,4752,"Retail sale of hardware, paints and glass in specialized stores",,ANVC,Draft
Ship Management & Operation,102889,52,522,5222,Service activities incidental to water transportation,,ANVC,Draft
Shipping Containers Loading & Unloading Services,100874,52,522,5224,Cargo handling,,ANVC,Draft
Gaming Streaming Social Media Platform,101603,60,602,6020,Television programming and broadcasting activities,,ANVC,Draft
Investment In Industrial Enterprises & Management,101870,64,649,6499,"Other financial service activities, except insurance and pension funding activities, n.e.c.",,ANVC,Draft
Investment In Oil & Natural Gas Projects,101984,64,649,6499,"Other financial service activities, except insurance and pension funding activities, n.e.c.",,ANVC,Draft
Customs Consultant,100965,52,522,5229,Other transportation support activities,,ANVC,Draft
Civil Engineering Consultancy,100695,71,711,7110,Architectural and engineering activities and related technical consultancy,,ANVC,Draft
Electrical Network & Distribution Engineering Services,101241,71,711,7110,Architectural and engineering activities and related technical consultancy,,ANVC,Draft
Interior Design Engineering Services,101962,71,711,7110,Architectural and engineering activities and related technical consultancy,,ANVC,Draft
Environmental Engineering Services,101327,71,711,7110,Architectural and engineering activities and related technical consultancy,,ANVC,Draft
Electrical & Electronic Appliances Rental,101228,77,772,7729,Renting and leasing of other personal and household goods,,ANVC,Draft
Testing Equipment Rental,102662,77,773,7730,"Renting and leasing of other machinery, equipment and tangible goods",,ANVC,Draft
Solar Energy Systems Rental,101223,77,773,7730,"Renting and leasing of other machinery, equipment and tangible goods",,ANVC,Draft
Ship Charter,100378,77,773,7730,"Renting and leasing of other machinery, equipment and tangible goods",,ANVC,Draft
Security Equipment Rental,102662,77,773,7730,"Renting and leasing of other machinery, equipment and tangible goods",,ANVC,Draft
Tax Reclaim Services,103176,82,829,8291,Activities of collection agencies and credit bureaus,,ANVC,Draft
Wholesale of Coffee Trading - Import & Export,100735,46,463,4630,"Wholesale of food, beverages and tobacco",,ANVC,Draft
Cybersecurity and Technology Audit Services of Software Code,103974,71,712,7120,Provides specialized cybersecurity assessments and technology audits focused on evaluating the integrity and security of software code.,,ANVC,Draft
